Workbook

Sheet efsa
A1: resunit | B1: id | C1: count | D1: conv_factor_mgkg | E1: comments Esther
A2: becquerel (derived)/kilogram | B2: =VLOOKUP(A2,unit!B:C,2,FALSE) -> 1 | C2: 296 | E2: kan niet omgerekend worden
A3: gram/hectoliter | B3: =VLOOKUP(A3,unit!B:C,2,FALSE) -> 168 | C3: 296 | D3: 10? | E3: 10? | F3: 1hl = 100L = 100 kg, dus 1 gram/hl = 1 gram/100 kg = 1000 mg/100 kg = 10 mg/kg
A4: gram/kilogram | B4: =VLOOKUP(A4,unit!B:C,2,FALSE) -> 15 | C4: 17198 | D4: 1000
A5: gram/litre | B5: =VLOOKUP(A5,unit!B:C,2,FALSE) -> 16 | C5: 19059 | D5: 1000
A6: microgram/gram | B6: =VLOOKUP(A6,unit!B:C,2,FALSE) -> 49 | C6: 17792 | D6: 1
A7: microgram/kilogram | B7: =VLOOKUP(A7,unit!B:C,2,FALSE) -> 50 | C7: 75953586 | D7: =VLOOKUP(A7,owfsr!A:B,2,FALSE) -> 0.001
A8: microgram/litre | B8: =VLOOKUP(A8,unit!B:C,2,FALSE) -> 51 | C8: 3454957 | D8: =VLOOKUP(A8,owfsr!A:B,2,FALSE) -> 0.001
A9: microgram/millilitre | B9: =VLOOKUP(A9,unit!B:C,2,FALSE) -> 52 | C9: 839 | D9: 1
A10: microgram/piece | B10: =VLOOKUP(A10,unit!B:C,2,FALSE) -> 55 | C10: 211
A11: microlitre/litre | B11: =VLOOKUP(A11,unit!B:C,2,FALSE) -> 145 | C11: 841 | D11: 1
A12: milligram/100 gram | B12: =VLOOKUP(A12,unit!B:C,2,FALSE) -> 57 | C12: 21 | D12: 10
A13: milligram/gram | B13: =VLOOKUP(A13,unit!B:C,2,FALSE) -> 60 | C13: 632 | D13: 1000
A14: milligram/kilogram | B14: =VLOOKUP(A14,unit!B:C,2,FALSE) -> 61 | C14: 311043923 | D14: =VLOOKUP(A14,owfsr!A:B,2,FALSE) -> 1
A15: milligram/litre | B15: =VLOOKUP(A15,unit!B:C,2,FALSE) -> 62 | C15: 87232 | D15: 1
A16: milligram/millilitre | B16: =VLOOKUP(A16,unit!B:C,2,FALSE) -> 186 | C16: 6 | D16: 1000
A17: nanogram/gram | B17: =VLOOKUP(A17,unit!B:C,2,FALSE) -> 76 | C17: 434630 | D17: =VLOOKUP(A17,owfsr!A:B,2,FALSE) -> 0.001
A18: nanogram/kilogram | B18: =VLOOKUP(A18,unit!B:C,2,FALSE) -> 77 | C18: 278776 | D18: 1e-06
A19: nanogram/litre | B19: =VLOOKUP(A19,unit!B:C,2,FALSE) -> 78 | C19: 947 | D19: 1e-06
A20: nanogram/millilitre | B20: =VLOOKUP(A20,unit!B:C,2,FALSE) -> 79 | C20: 108 | D20: 0.001
A21: picogram/gram | B21: =VLOOKUP(A21,unit!B:C,2,FALSE) -> 80 | C21: 956330 | D21: =VLOOKUP(A21,owfsr!A:B,2,FALSE) -> 1e-06
A22: picogram/kilogram | B22: =VLOOKUP(A22,unit!B:C,2,FALSE) -> 81 | C22: 2231 | D22: 1e-09

Sheet owfsr
A1: dimensie | B1: conv_factor_mgkg
A2: %
A3: % (w/w)
A4: µg/kg | B4: 0.001
A5: µg/kg (12% vocht) | B5: 0.001
A6: µg/kg (ppb) | B6: 0.001
A7: µg/kg ds (12% vocht) | B7: 0.001
A8: g/100 g vet | B8: 100
A9: g/100 g vetzuren | B9: 100
A10: g/kg | B10: 1000
A11: geen
A12: mg/100g | B12: 10
A13: mg/kg | B13: 1
A14: mg/kg (12% vocht) | B14: 1
A15: mg/kg (ppm) | B15: 1
A16: mg/kg ds (12% vocht) | B16: 1
A17: ng who(2005)-pcb-teq/kg | B17: 1e-06
A18: ng who(2005)-pcdd/f-pcb-teq/kg | B18: 1e-06
A19: ng who(2005)-pcdd/f-teq/kg | B19: 1e-06
A20: ng/g | B20: 0.001
A21: pg who(2005)-pcb-teq/g | B21: 1e-06
A22: pg who(2005)-pcdd/f-pcb-teq/g | B22: 1e-06
A23: pg who(2005)-pcdd/f-teq/g | B23: 1e-06
... A41: nanogram/gram | B41: 0.001
A42: percent
A43: picogram/gram | B43: 1e-06

Sheet unit
A1: id | B1: termextendedname | C1: id
A2: 1 | B2: becquerel (derived)/kilogram | C2: 1
A3: 2 | B3: becquerel (derived)/litre | C3: 2
A4: 3 | B4: becquerel (derived)/day and person | C4: 3
A5: 4 | B5: dimensionless | C5: 4
A6: 5 | B6: unit | C6: 5
A7: 6 | B7: formazine attenuation units | C7: 6
A8: 7 | B8: formazine nepphelometric units | C8: 7
A9: 8 | B9: degree | C9: 8
A10: 9 | B10: degree brix | C10: 9
A11: 10 | B11: german hardness | C11: 10
A12: 11 | B12: plato scale | C12: 11
A13: 12 | B13: degree saccharose | C13: 12
... A289: 288 | B289: mg/meal | C289: 288

Sheet SQL
A1: INSERT INTO efsa.resunit_conversion(unit_id, conv_factor_to_mgkg) VALUES
A3: ="("&efsa!B3&","&efsa!D3&")," -> (168,10?),
A4: ="("&efsa!B4&","&efsa!D4&")," -> (15,1000),
A5: ="("&efsa!B5&","&efsa!D5&")," -> (16,1000),
A6: ="("&efsa!B6&","&efsa!D6&")," -> (49,1),
A7: ="("&efsa!B7&","&efsa!D7&")," -> (50,0.001),
A8: ="("&efsa!B8&","&efsa!D8&")," -> (51,0.001),
A9: ="("&efsa!B9&","&efsa!D9&")," -> (52,1),
A11: ="("&efsa!B11&","&efsa!D11&")," -> (145,1),
A12: ="("&efsa!B12&","&efsa!D12&")," -> (57,10),
A13: ="("&efsa!B13&","&efsa!D13&")," -> (60,1000),
A14: ="("&efsa!B14&","&efsa!D14&")," -> (61,1),
A15: ="("&efsa!B15&","&efsa!D15&")," -> (62,1),
... A22: ="("&efsa!B22&","&efsa!D22&")," -> (81,0.000000001),
